{
	"handler": "Microsoft.Azure.CreateUIDef",
	"parameters": {
		"config": {
			"isWizard": false
		},
		"basics": [],
		"steps": [
			{
				"name": "basic",
				"label": "Basic",
				"elements": [
					{
						"name": "subscriptionsApi",
						"type": "Microsoft.Solutions.ArmApiControl",
						"request": {
							"method": "GET",
							"path": "[concat('subscriptions', '?api-version=2020-01-01')]"
						}
					},
					{
						"name": "subscriptionDropDown",
						"type": "Microsoft.Common.DropDown",
						"label": "Subscriptions",
						"toolTip": "",
						"constraints": {
							"allowedValues": "[map(steps('basic').subscriptionsApi.value, (item) => parse(concat('{\"label\":\"', item.displayName, '\",\"value\":\"', item.subscriptionId, '\"}')))]",
							"required": true
						},
						"visible": true
					},
					{
						"name": "resourceGroupsApi",
						"type": "Microsoft.Solutions.ArmApiControl",
						"request": {
							"method": "GET",
							"path": "[concat('subscriptions/', steps('basic').subscriptionDropDown, '/resourcegroups?api-version=2020-06-01')]"
						}
					},
					{
						"name": "resourceGroupDropDown",
						"type": "Microsoft.Common.DropDown",
						"label": "Resource Groups",
						"toolTip": "",
						"constraints": {
							"allowedValues": "[map(filter(steps('basic').resourceGroupsApi.value, (item) => startsWith(item.name, 'duplomgapp-mgr-')), (item) => parse(concat('{\"label\":\"', replace(item.name, 'duplomgapp-mgr-', ''), '\",\"value\":\"', item.name, '\"}')))]",
							"required": true
						},
						"visible": true
					},
					{
						"name": "name",
						"label": "Name",
						"type": "Microsoft.Common.TextBox",
						"defaultValue": "",
						"toolTip": "Choose a name for the VM",
						"constraints": {
							"required": true
						}
					},
					{
						"name": "type",
						"type": "Microsoft.Common.DropDown",
						"label": "Instance Type",
						"placeholder": "",
						"defaultValue": "Standard_DS2_v2",
						"toolTip": "Choose a size",
						"constraints": {
							"allowedValues": [
								{
									"label": "B1ls (1 CPU, 0.5 GB RAM)",
									"value": "Standard_B1ls"
								},
								{
									"label": "DS1_v2 (1 CPU, 3.5 GB RAM)",
									"value": "Standard_DS1_v2"
								},
								{
									"label": "D2s_v3 (2 CPU, 8 GB RAM)",
									"value": "Standard_D2s_v3"
								},
								{
									"label": "B2s (2 CPU, 4 GB RAM)",
									"value": "Standard_B2s"
								},
								{
									"label": "DS2_v2 (2 CPU, 7 GB RAM)",
									"value": "Standard_DS2_v2"
								},
								{
									"label": "DS3_v2 (4 CPU, 14 GB RAM)",
									"value": "Standard_DS3_v2"
								},
								{
									"label": "D4s_v3 (4 CPU, 16 GB RAM)",
									"value": "Standard_D4s_v3"
								},
								{
									"label": "B4ms (4 CPU, 16 GB RAM)",
									"value": "Standard_B4ms"
								}
							],
							"required": true
						},
						"visible": true
					},
					{
						"name": "imageid",
						"type": "Microsoft.Common.DropDown",
						"label": "Image ID",
						"placeholder": "",
						"defaultValue": "16.04-LTS;Canonical;UbuntuServer",
						"toolTip": "",
						"constraints": {
							"allowedValues": [
								{
									"label": "Ubuntu 16",
									"value": "16.04-LTS;Canonical;UbuntuServer"
								},
								{
									"label": "Server2016",
									"value": "2016-Datacenter;MicrosoftWindowsServer;WindowsServer"
								}
							],
							"required": true
						},
						"visible": true
					}
				]
			},
			{
				"name": "networking",
				"label": "Networking",
				"elements": [
					{
						"name": "publicip",
						"type": "Microsoft.Common.DropDown",
						"defaultValue": false,
						"constraints": {
							"allowedValues": [
								{
									"label": "Yes",
									"value": true
								},
								{
									"label": "No",
									"value": false
								}
							],
							"required": true
						},
						"label": "Public IP"
					},
					{
						"name": "joinDomain",
						"label": "Join Domain",
						"type": "Microsoft.Common.DropDown",
						"defaultValue": false,
						"constraints": {
							"allowedValues": [
								{
									"label": "Yes",
									"value": true
								},
								{
									"label": "No",
									"value": false
								}
							],
							"required": true
						}
					},
					{
						"name": "joinLogAnalyticsWs",
						"label": "Join LogAnalytic Workspace",
						"type": "Microsoft.Common.DropDown",
						"defaultValue": false,
						"constraints": {
							"allowedValues": [
								{
									"label": "Yes",
									"value": true
								},
								{
									"label": "No",
									"value": false
								}
							],
							"required": true
						}
					},
					{
						"name": "subnetsApi",
						"type": "Microsoft.Solutions.ArmApiControl",
						"request": {
							"method": "POST",
							"path": "[concat('/subscriptions/',steps('basic').subscriptionDropDown, '/resourceGroups/', steps('basic').resourceGroupDropDown, '/providers/Microsoft.CustomProviders/resourceProviders/public/ProxyPost?api-version=2018-09-01-preview')]",
							"body": {
								"BackendUrl": "GetAzureTenantSubnets",
								"Method": "GET"
							}
						}
					},
					{
						"name": "subnets",
						"type": "Microsoft.Common.DropDown",
						"label": "Subnets",
						"toolTip": "Choose one of the Subnets",
						"constraints": {
							"allowedValues": "[map(steps('networking').subnetsApi.value, (item) => parse(concat('{\"label\":\"', item.NameEx, '\",\"value\":\"', item.NameEx, '\"}')))]",
							"required": true
						},
						"visible": true
					}
				]
			},
			{
				"name": "advanced",
				"label": "Volumes",
				"elements": [
					{
						"name": "encryption",
						"label": "Encrypt",
						"type": "Microsoft.Common.DropDown",
						"defaultValue": false,
						"constraints": {
							"allowedValues": [
								{
									"label": "Yes",
									"value": true
								},
								{
									"label": "No",
									"value": false
								}
							],
							"required": true
						}
					},
					{
						"name": "disksize",
						"label": "Size",
						"type": "Microsoft.Common.TextBox",
						"defaultValue": "30",
						"toolTip": "Provide the Disk Size",
						"constraints": {
							"required": true
						}
					},
					{
						"name": "userdata",
						"label": "User Data",
						"type": "Microsoft.Common.TextBox",
						"defaultValue": "",
						"toolTip": "User data",
						"constraints": {}
					},
					{
						"name": "volumes",
						"type": "Microsoft.Common.Section",
						"label": "Volumes",
						"elements": [
							{
								"name": "tags",
								"type": "Microsoft.Common.EditableGrid",
								"ariaLabel": "Enter information about disks",
								"label": "Tags",
								"constraints": {
									"width": "Full",
									"rows": {
										"count": {
											"min": 0,
											"max": 10
										}
									},
									"columns": [
										{
											"id": "VolumeId",
											"header": "Volume ID",
											"width": "1fr",
											"element": {
												"name": "dropDown1",
												"type": "Microsoft.Common.TextBox",
												"placeholder": "1",
												"constraints": {
													"required": true
												}
											}
										},
										{
											"id": "Size",
											"header": "Size",
											"width": "1fr",
											"element": {
												"type": "Microsoft.Common.TextBox",
												"placeholder": "100",
												"constraints": {
													"required": true
												}
											}
										},
										{
											"id": "VolumeType",
											"header": "Snapshot ID",
											"width": "1fr",
											"element": {
												"type": "Microsoft.Common.TextBox",
												"placeholder": "Name",
												"constraints": {
													"validations": []
												}
											}
										}
									]
								}
							}
						]
					}
				]
			},
			{
				"name": "backup",
				"label": "Backup policy",
				"elements": [
					{
						"name": "backupPoliciesApi",
						"type": "Microsoft.Solutions.ArmApiControl",
						"request": {
							"method": "POST",
							"path": "[concat('/subscriptions/',steps('basic').subscriptionDropDown, '/resourceGroups/', steps('basic').resourceGroupDropDown, '/providers/Microsoft.CustomProviders/resourceProviders/public/ProxyPost?api-version=2018-09-01-preview')]",
							"body": {
								"BackendUrl": "GetAzureVaultBackupPoliciesByTenant",
								"Method": "GET"
							}
						}
					},
					{
						"name": "backupPolicy",
						"type": "Microsoft.Common.DropDown",
						"label": "Backup Policy",
						"toolTip": "Choose a backup policy",
						"constraints": {
							"allowedValues": "[map(steps('backup').backupPoliciesApi.value, (item) => parse(concat('{\"label\":\"', item.name, '\",\"value\":\"', item.id, '\"}')))]",
							"required": true
						},
						"visible": true
					}
				]
			},
			{
				"name": "patching",
				"label": "Patching policy",
				"elements": [
					{
						"name": "UpdateClassifications",
						"label": "Update Classifications",
						"type": "Microsoft.Common.DropDown",
						"defaultValue": "Critical",
						"constraints": {
							"allowedValues": [
								{
									"label": "Critical",
									"value": "Critical"
								},
								{
									"label": "Security",
									"value": "Security"
								},
								{
									"label": "Other",
									"value": "Other"
								},
								{
									"label": "Unclassified",
									"value": "Unclassified"
								}
							]
						}
					},
					{
						"name": "rebootSetting",
						"label": "Reboot settings",
						"type": "Microsoft.Common.DropDown",
						"defaultValue": "RebootOnly",
						"constraints": {
							"allowedValues": [
								{
									"label": "RebootOnly",
									"value": "RebootOnly"
								},
								{
									"label": "IfRequired",
									"value": "IfRequired"
								}
							]
						}
					},
					{
						"name": "frequency",
						"label": "Frequency",
						"type": "Microsoft.Common.DropDown",
						"defaultValue": "OneTime",
						"constraints": {
							"allowedValues": [
								{
									"label": "OneTime",
									"value": "OneTime"
								}
							]
						}
					},
					{
						"name": "startTime",
						"label": "Update on",
						"type": "Microsoft.Common.TextBox",
						"defaultValue": "2020-10-28T19:00:00",
						"toolTip": "Format of timestamp 2020-10-28T19:00:00",
						"constraints": {
							"required": true
						}
					},
					{
						"name": "timeZone",
						"label": "TimeZone",
						"type": "Microsoft.Common.DropDown",
						"defaultValue": "America/Los_Angeles",
						"constraints": {
							"allowedValues": [
								{
									"label": "America/Los_Angeles",
									"value": "America/Los_Angeles"
								}
							]
						}
					}
				]
			}
		],
		"outputs": {
			"FriendlyName": "[steps('basic').name]",
			"Capacity": "[steps('basic').type]",
			"EncryptDisk": "[steps('advanced').encryption]",
			"ImageId": "[steps('basic').imageid]",
			"Base64UserData": "[steps('advanced').userdata]",
			"AllocatedPublicIp": "[steps('networking').publicip]",
			"Cloud": 2,
			"MetaDataEx": {
				"OsDiskSize": "[steps('advanced').disksize]",
				"JoinDomain": "[steps('networking').joinDomain]",
				"JoinLogAnalytics": "[steps('networking').joinLogAnalyticsWs]"
			},
			"Volumes": "[steps('advanced').volumes.tags]",
			"UpdatePolicyStartTime": "[steps('patching').startTime]",
			"UpdatePolicyTimezone": "[steps('patching').timeZone]",
			"BackupPolicyId": "[steps('backup').backupPolicy]"
		}
	}
}