{
	"$schema": "http://schema.management.azure.com/schemas/2015-01-01/deploymentTemplate.json#",
	"contentVersion": "1.0.0.0",
	"parameters": {
		"FriendlyName": {
			"type": "string",
			"defaultValue": "host1",
			"metadata": {
				"description": "Name of the VM"
			}
		},
		"Capacity": {
			"type": "string",
			"defaultValue": "Standard_D2s_v3",
			"allowedValues": [
				"Standard_D2s_v3",
				"Standard_D4s_v3",
				"Standard_DS14_v2",
				"Standard_E64i_v3"
			],
			"metadata": {
				"description": "VM Capacity"
			}
		},
		"ImageId": {
			"type": "string",
			"defaultValue": "16.04-LTS;Canonical;UbuntuServer",
			"allowedValues": [
				"16.04-LTS;Canonical;UbuntuServer",
				"2016-Datacenter;MicrosoftWindowsServer;WindowsServer",
				"Express;MicrosoftSQLServer;SQL2016SP1-WS2016"
			],
			"metadata": {
				"description": "The location for the resources."
			}
		},
		"OsDiskSize": {
			"type": "string",
			"defaultValue": "127",
			"metadata": {
				"description": "Root Disk size in GB"
			}
		},
		"JoinDomain": {
			"type": "string",
			"defaultValue": "false",
			"allowedValues": [
				"true",
				"false"
			],
			"metadata": {
				"description": "Join Domain"
			}
		},
		"joinLogAnalyticsWs": {
			"type": "string",
			"defaultValue": "true",
			"allowedValues": [
				"true",
				"false"
			],
			"metadata": {
				"description": "Join Log Analytics Workspace"
			}
		},
		"UpdatePolicyStartTime": {
			"type":"string",
            "defaultValue": "[utcNow('u')]"
		},
		"UpdatePolicyTimezone": {
			"type":"string",
            "defaultValue": "America/Los_Angeles"
		},
		"BackupPolicyId": {
			"type": "string",
			"defaultValue": ""
		}
	},
	"resources": [
		{
			"type": "Microsoft.CustomProviders/resourceProviders/VirtualMachines",
			"name": "[concat('public/', parameters('FriendlyName'))]",
			"apiVersion": "2018-09-01-preview",
			"location": "EAST US",
			"properties": {
				"FriendlyName": "[parameters('FriendlyName')]",
				"Capacity": "[parameters('Capacity')]",
				"ImageId": "[parameters('ImageId')]",
				"Cloud": 2,
				"MetaDataEx": {
					"OsDiskSize": "[parameters('OsDiskSize')]",
					"JoinDomain": "[parameters('JoinDomain')]",
					"joinLogAnalyticsWs": "[parameters('joinLogAnalyticsWs')]"
				}
			}
		},
		{
			"type": "Microsoft.Resources/deploymentScripts",
			"apiVersion": "2019-10-01-preview",
			"name": "[concat('waitScript', parameters('FriendlyName'))]",
			"location": "eastus",
			"kind": "AzureCLI",
			"identity": {
				"type": "userAssigned",
				"userAssignedIdentities": {
					"/subscriptions/29474c73-cd93-48f0-80ee-9577a54e2227/resourceGroups/duploinfra-demo/providers/Microsoft.ManagedIdentity/userAssignedIdentities/azure-deployment-scripts": {}
				}
			},
			"dependsOn": [
				"[resourceId('Microsoft.CustomProviders/resourceProviders/VirtualMachines', 'public' , parameters('FriendlyName'))]"
			],
			"properties": {
				"forceUpdateTag": 1,
				"AzCliVersion": "2.0.80",
				"environmentVariables": [],
				"arguments": "'azdemo1','log-aqlg5r'",
				"scriptContent": "#!/bin/bash\nsleep 300",
				"supportingScriptUris": [],
				"timeout": "PT30M",
				"cleanupPreference": "OnSuccess",
				"retentionInterval": "P1D"
			}
		},
		{
			"type": "Microsoft.CustomProviders/resourceProviders/UpdatePolicies",
			"name": "[concat('public/', parameters('FriendlyName'))]",
			"apiVersion": "2018-09-01-preview",
			"location": "EAST US",
			"dependsOn": [
				"[concat('waitScript', parameters('FriendlyName'))]"
			],
			"properties": {
				"VmName": "[concat('duploservices-azdemo1-', parameters('FriendlyName'))]",
				"properties": {
					"updateConfiguration": {
						"linux": {
							"includedPackageClassifications": "Critical",
							"rebootSetting": "IfRequired"
						}
					},
					"scheduleInfo": {
						"frequency": "OneTime",
						"startTime": "[parameters('UpdatePolicyStartTime')]",
						"timeZone": "[parameters('UpdatePolicyTimezone')]"
					}
				}
			}
		},
		{
			"type": "Microsoft.CustomProviders/resourceProviders/ProtectedVM",
			"name": "[concat('public/', parameters('FriendlyName'))]",
			"apiVersion": "2018-09-01-preview",
			"location": "EAST US",
			"dependsOn": [
				"[concat('waitScript', parameters('FriendlyName'))]"
			],
			"properties": {
				"VmName": "[concat('duploservices-azdemo1-', parameters('FriendlyName'))]",
				"PolicyName": "[parameters('BackupPolicyId')]"
			}
		}
	],
	"outputs": {}
}